<?xml version="1.0" encoding="UTF-8"?>
<KlasikaHoberenak>
  <Konpositoreak>
    <Konpositorea ID="501">
      <izena>Johann Sebastian BACH</izena>
      <jaio>1685</jaio>
      <hil>1750</hil>
    </Konpositorea>
    <Konpositorea ID="502">
      <izena>Ludwig van BEETHOVEN</izena>
      <jaio>1770</jaio>
      <hil>1827</hil>
    </Konpositorea>
    <Konpositorea ID="503">
      <izena>Wolfgang Amadeus MOZART</izena>
      <jaio>1756</jaio>
      <hil>1791</hil>
    </Konpositorea>
    <Konpositorea ID="507">
      <izena>Georg Friederich HANDEL</izena>
      <jaio>1685</jaio>
      <hil>1759</hil>
    </Konpositorea>
    <Konpositorea ID="508">
      <izena>Richard WAGNER</izena>
      <jaio>1813</jaio>
      <hil>1883</hil>
    </Konpositorea>
    <Konpositorea ID="511">
      <izena>Antonio VIVALDI</izena>
      <jaio>1678</jaio>
      <hil>1741</hil>
    </Konpositorea>
    <Konpositorea ID="512">
      <izena>Franz SCHUBERT</izena>
      <jaio>1797</jaio>
      <hil>1828</hil>
    </Konpositorea>
    <Konpositorea ID="513">
      <izena>Igor STRAVINSKY</izena>
      <jaio>1882</jaio>
      <hil>1971</hil>
    </Konpositorea>
    <Konpositorea ID="515">
      <izena>Héctor BERLIOZ</izena>
      <jaio>1803</jaio>
      <hil>1869</hil>
    </Konpositorea>
    <Konpositorea ID="523">
      <izena>Georges BIZET</izena>
      <jaio>1838</jaio>
      <hil>1875</hil>
    </Konpositorea>
    <Konpositorea ID="525">
      <izena>Claude DEBUSSY</izena>
      <jaio>1862</jaio>
      <hil>1918</hil>
    </Konpositorea>
    <Konpositorea ID="527">
      <izena>Johannes BRAHMS</izena>
      <jaio>1833</jaio>
      <hil>1897</hil>
    </Konpositorea>
    <Konpositorea ID="530">
      <izena>Cesar FRANCK</izena>
      <jaio>1822</jaio>
      <hil>90</hil>
    </Konpositorea>
    <Konpositorea ID="531">
      <izena>Giuseppe VERDI</izena>
      <jaio>1813</jaio>
      <hil>1901</hil>
    </Konpositorea>
    <Konpositorea ID="532">
      <izena>Giovanni Pierluigi da PALESTRINA</izena>
      <jaio>1525</jaio>
      <hil>1594</hil>
    </Konpositorea>
    <Konpositorea ID="533">
      <izena>Modest MÚSORGSKI</izena>
      <jaio>1839</jaio>
      <hil>1881</hil>
    </Konpositorea>
    <Konpositorea ID="536">
      <izena>Pyotr Ilyich TCHAIKOVSKY</izena>
      <jaio>1840</jaio>
      <hil>1893</hil>
    </Konpositorea>
    <Konpositorea ID="550">
      <izena>Claudio MONTEVERDI</izena>
      <jaio>1567</jaio>
      <hil>1643</hil>
    </Konpositorea>
    <Konpositorea ID="553">
      <izena>Carl ORFF</izena>
      <jaio>1895</jaio>
      <hil>1982</hil>
    </Konpositorea>
    <Konpositorea ID="554">
      <izena>Felix MENDELSSOHN</izena>
      <jaio>1809</jaio>
      <hil>1847</hil>
    </Konpositorea>
    <Konpositorea ID="556">
      <izena>Gioacchino ROSSINI</izena>
      <jaio>1792</jaio>
      <hil>1868</hil>
    </Konpositorea>
    <Konpositorea ID="557">
      <izena>Franz LISZT</izena>
      <jaio>1811</jaio>
      <hil>1886</hil>
    </Konpositorea>
    <Konpositorea ID="558">
      <izena>Gustav MAHLER</izena>
      <jaio>1860</jaio>
      <hil>1911</hil>
    </Konpositorea>
    <Konpositorea ID="560">
      <izena>Giacomo PUCCINI</izena>
      <jaio>1858</jaio>
      <hil>1924</hil>
    </Konpositorea>
    <Konpositorea ID="565">
      <izena>Giovanni Battista PERGOLESI</izena>
      <jaio>1710</jaio>
      <hil>1736</hil>
    </Konpositorea>
    <Konpositorea ID="566">
      <izena>Frédéric CHOPIN</izena>
      <jaio>1810</jaio>
      <hil>1849</hil>
    </Konpositorea>
    <Konpositorea ID="569">
      <izena>Antonín DVORAK</izena>
      <jaio>1841</jaio>
      <hil>1904</hil>
    </Konpositorea>
    <Konpositorea ID="574">
      <izena>Johann STRAUSS, Jr.</izena>
      <jaio>1825</jaio>
      <hil>1899</hil>
    </Konpositorea>
    <Konpositorea ID="577">
      <izena>Béla BARTÓK</izena>
      <jaio>1881</jaio>
      <hil>1945</hil>
    </Konpositorea>
    <Konpositorea ID="578">
      <izena>Isaac ALBÉNIZ</izena>
      <jaio>1860</jaio>
      <hil>1909</hil>
    </Konpositorea>
    <Konpositorea ID="581">
      <izena>Nikolái RIMSKI-KÓRSAKOV</izena>
      <jaio>1844</jaio>
      <hil>1908</hil>
    </Konpositorea>
    <Konpositorea ID="582">
      <izena>Edvard GRIEG</izena>
      <jaio>1843</jaio>
      <hil>1907</hil>
    </Konpositorea>
    <Konpositorea ID="583">
      <izena>Vincenzo BELLINI</izena>
      <jaio>1801</jaio>
      <hil>1835</hil>
    </Konpositorea>
    <Konpositorea ID="584">
      <izena>Anton BRUCKNER</izena>
      <jaio>1824</jaio>
      <hil>96</hil>
    </Konpositorea>
    <Konpositorea ID="585">
      <izena>Richard STRAUSS</izena>
      <jaio>1864</jaio>
      <hil>1949</hil>
    </Konpositorea>
    <Konpositorea ID="590">
      <izena>Robert SCHUMANN</izena>
      <jaio>1810</jaio>
      <hil>1856</hil>
    </Konpositorea>
    <Konpositorea ID="592">
      <izena>Jean  SIBELIUS</izena>
      <jaio>1865</jaio>
      <hil>1957</hil>
    </Konpositorea>
    <Konpositorea ID="593">
      <izena>Sergej RACHMANINOFF</izena>
      <jaio>1873</jaio>
      <hil>1943</hil>
    </Konpositorea>
    <Konpositorea ID="596">
      <izena>Ottorino RESPIGHI</izena>
      <jaio>1879</jaio>
      <hil>1936</hil>
    </Konpositorea>
    <Konpositorea ID="598">
      <izena>Serguéi PROKÓFIEV</izena>
      <jaio>1891</jaio>
      <hil>1953</hil>
    </Konpositorea>
    <Konpositorea ID="599">
      <izena>Joseph HAYDN</izena>
      <jaio>1732</jaio>
      <hil>1809</hil>
    </Konpositorea>
    <Konpositorea ID="600">
      <izena>Olivier MESSIAEN</izena>
      <jaio>1908</jaio>
      <hil>1992</hil>
    </Konpositorea>
  </Konpositoreak>
  <Estiloak>
    <Estiloa ID="415">
      <izena>Aria</izena>
    </Estiloa>
    <Estiloa ID="411">
      <izena>Ballet</izena>
    </Estiloa>
    <Estiloa ID="422">
      <izena>Canciones</izena>
    </Estiloa>
    <Estiloa ID="451">
      <izena>Cantata</izena>
    </Estiloa>
    <Estiloa ID="409">
      <izena>Concierto</izena>
    </Estiloa>
    <Estiloa ID="475">
      <izena>Concierto para Orquesta</izena>
    </Estiloa>
    <Estiloa ID="491">
      <izena>Concierto para Piano</izena>
    </Estiloa>
    <Estiloa ID="463">
      <izena>Coro y orquesta</izena>
    </Estiloa>
    <Estiloa ID="466">
      <izena>Cuarteto</izena>
    </Estiloa>
    <Estiloa ID="417">
      <izena>Drama musical</izena>
    </Estiloa>
    <Estiloa ID="470">
      <izena>Estudios para piano</izena>
    </Estiloa>
    <Estiloa ID="477">
      <izena>Fantasía para piano</izena>
    </Estiloa>
    <Estiloa ID="402">
      <izena>Fuga</izena>
    </Estiloa>
    <Estiloa ID="404">
      <izena>Misa</izena>
    </Estiloa>
    <Estiloa ID="439">
      <izena>Música de cámara</izena>
    </Estiloa>
    <Estiloa ID="469">
      <izena>Obertura</izena>
    </Estiloa>
    <Estiloa ID="418">
      <izena>Obras para Organo</izena>
    </Estiloa>
    <Estiloa ID="406">
      <izena>Opera</izena>
    </Estiloa>
    <Estiloa ID="405">
      <izena>Oratorio</izena>
    </Estiloa>
    <Estiloa ID="423">
      <izena>Poema sinfónico</izena>
    </Estiloa>
    <Estiloa ID="407">
      <izena>Preludio</izena>
    </Estiloa>
    <Estiloa ID="485">
      <izena>Quinteto</izena>
    </Estiloa>
    <Estiloa ID="473">
      <izena>Rapsodia para piano</izena>
    </Estiloa>
    <Estiloa ID="399">
      <izena>Réquiem</izena>
    </Estiloa>
    <Estiloa ID="484">
      <izena>Romanza</izena>
    </Estiloa>
    <Estiloa ID="479">
      <izena>Scheherezada</izena>
    </Estiloa>
    <Estiloa ID="442">
      <izena>Serenata</izena>
    </Estiloa>
    <Estiloa ID="400">
      <izena>Sinfonía</izena>
    </Estiloa>
    <Estiloa ID="455">
      <izena>Sonata</izena>
    </Estiloa>
    <Estiloa ID="424">
      <izena>Suite</izena>
    </Estiloa>
    <Estiloa ID="476">
      <izena>Suite para piano</izena>
    </Estiloa>
    <Estiloa ID="472">
      <izena>Vals</izena>
    </Estiloa>
    <Estiloa ID="461">
      <izena>Variaciones</izena>
    </Estiloa>
  </Estiloak>
  <Obrak>
    <Obra ID="1055" kon="501" est="399">
      <titulua>Pasión según San Mateo (BWV. 244)</titulua>
      <deskribapena>Obra brutal, una de las creaciones de la música coral mas portentosas de todos los tiempos. La introducción &apos;Kommt, ihr Tochter&apos; es arrolladora con un triple coro y la orquesta entonando una melodía dolorosa. El aria más bella y famosa de esta obra es la Nº47 &apos;Erbarme dich, mein Gott&apos;(Ten compasión, mi Señor) . Para muchos la mejor obra de todos los tiempos.</deskribapena>
    </Obra>
    <Obra ID="1056" kon="502" est="400">
      <titulua>No. 9 &apos;Coral&apos; (Op. 125)</titulua>
      <deskribapena>Una de las grandes obras de la Humanidad. Obra gigante tanto por sus dimensiones como por su contenido musical. El genio musical de Beethoven alcanzó su punto más alto con esta composición. Contiene la famosa “Oda a la alegría”.</deskribapena>
    </Obra>
    <Obra ID="1057" kon="503" est="399">
      <titulua>(K. 626)</titulua>
      <deskribapena>Misa de difuntos escrita para orquesta, cantantes solistas y coro, compuesta el mismo año de su muerte. Obra de grandezas cósmicas, de gran profundidad humana, sobre todo el movimiento &apos;Lacrimosa&apos;. La obra quedó inacabada por lo cual su alumno Franz Süssmayr la terminó.</deskribapena>
    </Obra>
    <Obra ID="1058" kon="501" est="402">
      <titulua>El arte de la fuga (BWV 1080)</titulua>
      <deskribapena>Obra inmensa en cuanto a calidad y nobleza de ideas. Se compone de 15 fugas y 4 cánones. Música que sosiega nuestro ánimo y nos habla de paraísos asequibles. Aunque está inacabada se habla de uno de los grandes monumentos musicales, demasiado elevada para este mundo.</deskribapena>
    </Obra>
    <Obra ID="1059" kon="502" est="400">
      <titulua>No. 5 (Op. 67)</titulua>
      <deskribapena>Obra donde el compositor confirma su furia creadora, con intensidad y gran belleza. Es la obra del ta,ta,ta,taaaaaa, &apos;La llamada del destino&apos;.</deskribapena>
    </Obra>
    <Obra ID="1060" kon="501" est="404">
      <titulua>En Si menor (BWV 232)</titulua>
      <deskribapena>Presenta musicalmente las profundidades humanas en sus dolores y arrepentimientos. El aria (Laudamus te, en La mayor) es bellísima, con motivos evidentes y floreados en el violín solista, que acompaña a la soprano II. El &apos;Agnus Dei&apos; es de una paz inigualable.</deskribapena>
    </Obra>
    <Obra ID="1061" kon="507" est="405">
      <titulua>El Mesías</titulua>
      <deskribapena>Es el oratorio más interpretado y uno de los monumentos de la música sacra de todos los tiempos. Sus coros son muy populares en especial el &apos;Aleluya&apos; y &apos;La trompeta sonara&apos; como también el fragmento instrumental &apos;Sinfonía Pastoral&apos;.</deskribapena>
    </Obra>
    <Obra ID="1062" kon="508" est="406">
      <titulua>Tristán e Isolda</titulua>
      <deskribapena>Obra trascendental en la historia dela música hasta el punto de que muchos grandes profesionales han afirmado que existe &apos;un antes y un después del Tristán&apos;. El &apos;preludio y muerte por amor&apos; es muy agradable.</deskribapena>
    </Obra>
    <Obra ID="1063" kon="501" est="407">
      <titulua>El clave bien temperado (BWV846-893)</titulua>
      <deskribapena>Obra de valor musical y didáctico perdurable llamado &apos;El antiguo testamento de la música&apos;. Se dice que Bach creo con esta obra un microcosmos musical. El Preludio y fuga en do mayor es espectacular y muy famoso.</deskribapena>
    </Obra>
    <Obra ID="1064" kon="502" est="404">
      <titulua>Missa Solemnis en Re Mayor op.123</titulua>
      <deskribapena>Se han considerado como himnos los cinco números de esta misa. Es uno de los logros más importantes del compositor en todos los aspectos, y en todas las filas de la Música Sacra. Algunos han llegado a considerar que esta obra es la mejor Misa jamás creada, alcanzando actitudes que no se usaron nunca antes en una Misa, y abrazando sonidos que son realmente celestiales, potentes y sacratísimos. El &apos;Gloria&apos; es de gran espectacularidad y religiosidad.</deskribapena>
    </Obra>
    <Obra ID="1065" kon="511" est="409">
      <titulua>Las Cuatro Estaciones (Op. 8, RV269)</titulua>
      <deskribapena>Son cuatro conciertos para violín y orquesta. Es una de las obras más queridas y conocidas de la música de todos los tiempos. Evoca sensaciones de cada una de la estaciones el año.</deskribapena>
    </Obra>
    <Obra ID="1066" kon="512" est="400">
      <titulua>Nº8 &apos;Inconclusa&apos; D 759</titulua>
      <deskribapena>Está considerada como la primera sinfonía romántica. Consta de 2 movimientos por ello debe su nombre. Es una obra Exquisita, deleite para los oídos.</deskribapena>
    </Obra>
    <Obra ID="1067" kon="513" est="411">
      <titulua>La Consagración de la Primavera</titulua>
      <deskribapena>Obra impactante, es disonante, violenta, grafica y muy dramática. La obra más importante del siglo XX. Les recomiendo &apos;la danza de los jóvenes adolescentes&apos;. Puede que queden un poco desconcertados, pero perseveren, es muy buena música.</deskribapena>
    </Obra>
    <Obra ID="1068" kon="501" est="405">
      <titulua>Oratorio de Navidad BWV 248</titulua>
      <deskribapena>Es una obra cumbre en este género. Es una jubilosa partitura en donde utilizó procedimientos que  la hicieron adquirir insospechada belleza y grandiosidad. Los segmentos mas notables son el Nº19 y el himno &apos;Herrscher des Himmels&apos; (Rey de los cielos).</deskribapena>
    </Obra>
    <Obra ID="1069" kon="515" est="400">
      <titulua>Fantástica (Op. 14)</titulua>
      <deskribapena>Piedra angular del repertorio orquestal. Produjo una revolución estética y estableció el uso de la música programática como el género dominante en las obras orquestales románticas. La &apos;Marcha al cadalso&apos;, es muy atractiva.</deskribapena>
    </Obra>
    <Obra ID="1070" kon="502" est="400">
      <titulua>Nº 3 en mi bemol mayor, opus 55(Heroica)</titulua>
      <deskribapena>Obra que revolucionó la historia de la música, con ella el Maestro encuentra su propia y particular manera de expresarse dando paso al Romanticismo. El 2do movimiento es una sombría marcha fúnebre de gran aflicción.</deskribapena>
    </Obra>
    <Obra ID="1071" kon="501" est="415">
      <titulua>Magnificat en Re mayor BWV 243</titulua>
      <deskribapena>Es una de sus obras cumbre en su vasta y noble labor religiosa, anterior a la Pasión Según San Mateo. La aria &apos;Quia Respexit&apos; es una profunda plegaria para soprano. La aria &apos;Esurientes implevit  bonis&apos; esta bañada de piedad y ternura, es diáfana y penetrante.</deskribapena>
    </Obra>
    <Obra ID="1072" kon="501" est="409">
      <titulua>Conciertos de Brandemburgo Nº1-6(BWV 1046-1051)</titulua>
      <deskribapena>Es uno de los frutos más puros del estilo polifónico del artista</deskribapena>
    </Obra>
    <Obra ID="1073" kon="508" est="417">
      <titulua>El anillo del Nibelungo</titulua>
      <deskribapena>Esta compuesta por 4 dramas musicales las cuales son</deskribapena>
    </Obra>
    <Obra ID="1074" kon="501" est="418">
      <titulua>Obras para Organo</titulua>
      <deskribapena>Obras sobrecogedoras, de una grandeza inigualable. Ningún compositor había planteado la posibilidad de traducir las imágenes poéticas y literarias a una forma musical abstracta y breve. Se dice que estas obras son el diccionario del lenguaje musical de BACH. Las siguiente obras son las mas importantes para este instrumento</deskribapena>
    </Obra>
    <Obra ID="1075" kon="503" est="400">
      <titulua>Nº40 en Sol menor (K. 550)</titulua>
      <deskribapena>Obra muy melódica, está envuelta en un aire romántico que no poseen las sinfonías anteriores. Se anticipa al romanticismo.</deskribapena>
    </Obra>
    <Obra ID="1076" kon="502" est="400">
      <titulua>Nº 6 en fa mayor, opus 68 (Pastoral)</titulua>
      <deskribapena>describe las emociones que se despiertan en el compositor al recordar escenas campestres. En ella utiliza algunas de las técnicas de lo que será la música programática, contando una historia sencilla e imitando el canto de los pájaros y los truenos.</deskribapena>
    </Obra>
    <Obra ID="1077" kon="523" est="406">
      <titulua>Carmen</titulua>
      <deskribapena>Es una de las operas más conocidas e interpretadas, logra capturar el ambiente musical  y el folclor de España de manera muy convincente, sin que el compositor perteneciera a ese país. El &apos;preludio&apos; y la Habanera son muy célebres.</deskribapena>
    </Obra>
    <Obra ID="1078" kon="512" est="422">
      <titulua>Lieder o Canciones</titulua>
      <deskribapena>Forman todo un universo musical de esplendorosa riqueza. Los ciclos de lieder más importantes son &apos;El Viaje de invierno D. 911&apos; , &apos;La bella molinera D.795&apos;, y  &apos;El Canto del cisne D.957&apos;(al cual pertenece Ständchen o  Serenata). Otras canciones famosas son &apos;Ave Maria&apos;, &apos;Wiegenlied (Cancion de cuna)&apos;, &apos;Die Forelle (La Trucha)&apos;, &apos;Der Erlkönig (El Rey de los alisos)&apos;, &apos;Seligkeit (bienaventuranza)&apos;</deskribapena>
    </Obra>
    <Obra ID="1079" kon="525" est="423">
      <titulua>Tres esbozos sinfónicos &apos;La Mer (El mar)&apos;</titulua>
      <deskribapena>Poema sinfónico donde se recrean distintos estados del océano. Obra muy emocionante. Se anticipó a la música del siglo XX. &apos;El mar</deskribapena>
    </Obra>
    <Obra ID="1080" kon="501" est="424">
      <titulua>Para orquesta Nº2 en Si mayor BWV. 1067 y Nº3 en Re mayor BWV 1068</titulua>
      <deskribapena>La suite Nº2 posee movimientos muy famosos como el rondo, minuet y badinerie, la Nº3 posee el movimiento &apos;Air&apos; Pasaje de una tremenda intensidad, con un sonido puro y aéreo  del conjunto de cuerdas. Es espectacular.</deskribapena>
    </Obra>
    <Obra ID="1081" kon="527" est="400">
      <titulua>Nº 1 en do menor, opus 68</titulua>
      <deskribapena>Es un trabajo lleno de ardor y tenaz aplicación. En esta Sinfonía es donde se manifiesta mas abiertamente la afinidad de Brahms con Beethoven. El propio compositor consideraba que los movimientos (Sobre todo los mov. Nº2 y Nº3) eran demasiado bellos  para una Sinfonía, siendo más propios para una serenata.</deskribapena>
    </Obra>
    <Obra ID="1082" kon="501" est="409">
      <titulua>para 2 Violines (BWV1043)</titulua>
      <deskribapena>Obra grandiosa, donde explora intricadas líneas melódicas. El movimiento lento es muy lírico y conocido.</deskribapena>
    </Obra>
    <Obra ID="1083" kon="502" est="409">
      <titulua>Para violín y orquesta en Re mayor, opus. 61</titulua>
      <deskribapena>Fue el único concierto para violín escrito por Beethoven y es uno de los más interpretados. El tercer movimiento &apos;Allegro&apos; es muy melódico y conocido</deskribapena>
    </Obra>
    <Obra ID="1084" kon="530" est="400">
      <titulua>En Re menor</titulua>
      <deskribapena>se encuentra entre las más famosas del género y ha servido de modelo para numerosas obras sinfónicas. Consta de tres tiempos, cada uno está formado por dos partes simétricas enlazadas. En lugar de superponer estas partes, se suceden una a la otra, asegurando solidaridad y unión entre ellas.</deskribapena>
    </Obra>
    <Obra ID="1085" kon="531" est="406">
      <titulua>Aída</titulua>
      <deskribapena>Opera encargada para la inauguración del Canal de Suez. Sus segmentos más populares  son &apos;Marcha Triunfal y Coro&apos; del Acto II.</deskribapena>
    </Obra>
    <Obra ID="1086" kon="532" est="404">
      <titulua>Misa del Papa Marcelo</titulua>
      <deskribapena>Fue dedicada a este pontífice en 1955, considerada como la mejor entre las maravillosas producciones palestrinianas. Escrita a seis voces establece la alianza más sólida  y profunda entre el texto latino y las líneas del tejido polifónico. Aquí la pasividad del sentimiento es compatible con una apasionada intensidad lirica. Les recomiendo  el &apos;Credo&apos; y el &apos;Kyrie&apos;</deskribapena>
    </Obra>
    <Obra ID="1087" kon="533" est="406">
      <titulua>Boris Godunov</titulua>
      <deskribapena>Monumental obra, presenta un tratamiento de los coros muy original desde el punto de vista musical y dramático y ha sido muy admirada por su enfoque psicológico y su evocación del pueblo ruso.</deskribapena>
    </Obra>
    <Obra ID="1088" kon="527" est="399">
      <titulua>Réquiem Alemán</titulua>
      <deskribapena>La obra esta  dividida en siete partes, se centra más en el dolor y los lamentos de aquellos cuyos seres queridos se han ido, que en la reacción entre el destino y la muerte. El aria &apos;Denn alles fleisch esist wie gras&apos; es impactante.</deskribapena>
    </Obra>
    <Obra ID="1089" kon="503" est="406">
      <titulua>La Flauta Mágica</titulua>
      <deskribapena>Obra de carácter iniciático, está así mismo fuertemente impregnada de los ideales y del simbolismo de la francmasonería. Las arias más famosas son</deskribapena>
    </Obra>
    <Obra ID="1090" kon="536" est="400">
      <titulua>Nº6 en Mi menor op. 74 &apos;Patética&apos;</titulua>
      <deskribapena>Es la obra mas personal y profundamente sentida que haya podido escribir el autor. El cuarto movimiento es el más atormentado, de hecho este se llama &apos;Adagio lamentoso&apos;.</deskribapena>
    </Obra>
    <Obra ID="1091" kon="525" est="411">
      <titulua>Preludio a la siesta de un fauno</titulua>
      <deskribapena>Música sensual, soñadora y vaga, basado en un poema de Mallarmé. Claro ejemplo del impresionismo musical. En esta obra el compositor hizo caso omiso a las formas tradicionales y logro efectos sonoros sorprendentes.</deskribapena>
    </Obra>
    <Obra ID="1092" kon="512" est="400">
      <titulua>Nº9 La Grande en Do Mayor, D. 944</titulua>
      <deskribapena>Contiene 5 movimientos.  Se ha afirmado que La Grande condensa una &apos;floreciente vida romántica&apos; y sorprende por su  &apos;paraíso de pura carpintería musical&apos; y se lanza al futuro anunciando su modernidad.</deskribapena>
    </Obra>
    <Obra ID="1093" kon="531" est="406">
      <titulua>La Traviata</titulua>
      <deskribapena>Una de las operas más conocida y populares, canto a la belleza femenina, la hospitalidad, el amor. El &apos;Brindis&apos; es especialmente popular.</deskribapena>
    </Obra>
    <Obra ID="1094" kon="511" est="409">
      <titulua>L’Estro Armonico (La inspiración armónica) Op. 3 (RV. 549,578,310,550,519, 356,567,522,230,580,565, 265 )</titulua>
      <deskribapena>Consta de cuatro grupos idénticos de 3 conciertos también idénticos, algunos de ellos tiene al violonchelo como instrumento solista. Bach transcribió 6 de los 12 conciertos. Obras de gran inspiración, pero completamente armonizadas. El concierto Nº6 RV 356, es uno de los mas famosos.</deskribapena>
    </Obra>
    <Obra ID="1095" kon="512" est="439">
      <titulua>Quinteto  para piano &apos;La Trucha&apos; op. 114</titulua>
      <deskribapena>Música de cámara divertida. Posee cinco movimientos, de los cuales el cuarto son variaciones basadas en  la canción &apos;la trucha&apos;.</deskribapena>
    </Obra>
    <Obra ID="1096" kon="533" est="424">
      <titulua>Cuadros en una exposición</titulua>
      <deskribapena>Suite para piano, orquestada por varios compositores, que posee ya todo el mágico colorismo ruso. Obra que refleja lo visto -o imaginado- en la exposición que su admirado Vladimir Stassov ideó para recordar la obra de un amigo de ambos, Viktor Hartmann. Contiene la majestuosa &apos;Puerta Grande de Kiev&apos;. Es excelente.</deskribapena>
    </Obra>
    <Obra ID="1097" kon="531" est="399">
      <titulua>Misa de Réquiem</titulua>
      <deskribapena>Es su obra no operística más importante, y una de las grandes obras del genero. Se ha considerado como demasiado humana, demasiado viva dotada de un sentimiento excesivamente dramático. El &apos;Dies Irae&apos; y El &apos;Recordare&apos; son obras impactantes.</deskribapena>
    </Obra>
    <Obra ID="1098" kon="503" est="442">
      <titulua>Eine Kleine Nachtmusik (Pequeña Serenata Nocturna) (K.525)</titulua>
      <deskribapena>Esta es la prueba de la naturalidad, pureza y espontaneidad de la música de este compositor. Esta obra es de una gran facilidad melódica y desbordante romanticismo.</deskribapena>
    </Obra>
    <Obra ID="1099" kon="507" est="424">
      <titulua>Música Acuática</titulua>
      <deskribapena>Música entretenida, con algunas pasajes sentimentales. Handel compuso esta música para un viaje fluvial del Rey Jorge I de Inglaterra por el rio Támesis. La Obra es un grupo de tres inmensas suites formada por danzas con ritmos y tonalidades diferentes. Las tres suites son</deskribapena>
    </Obra>
    <Obra ID="1100" kon="508" est="406">
      <titulua>Parsifal</titulua>
      <deskribapena>Ópera en tres actos al que su creador Richard Wagner llamó «Festival sagrado». Esta ópera se basa en el poema épico medieval (del siglo XIII) Parzival de Wolfram von Eschenbach, sobre la vida de este caballero de la corte del Rey Arturo y su búsqueda del Santo Grial. Los pasajes mas importantes son</deskribapena>
    </Obra>
    <Obra ID="1101" kon="533" est="423">
      <titulua>Una noche en el monte pelado</titulua>
      <deskribapena>Poema Sinfónico, que hace descripción muy realista de un  aquelarre, música muy original e influyente en el siglo XX.</deskribapena>
    </Obra>
    <Obra ID="1102" kon="503" est="409">
      <titulua>Para Piano y Orquesta Nº21 en Do mayor (K. 467)</titulua>
      <deskribapena>Llamada &apos;Elvira Madigan&apos; por la película sueca homonima que utilizó el segundo movimiento como banda sonora, obra de gran belleza, con un movimiento lento(Andante), especialmente triste. De los 27 conciertos es el mas conocido.</deskribapena>
    </Obra>
    <Obra ID="1103" kon="503" est="406">
      <titulua>Don Giovanni (Don Juan)</titulua>
      <deskribapena>Opera dramático-jocosa en cuatro actos, divididos en nueve cuadros. Los mejores bajos o bajos-baritones de la historia se han distinguido con este papel. Los mejores momentos son</deskribapena>
    </Obra>
    <Obra ID="1104" kon="550" est="406">
      <titulua>Orfeo</titulua>
      <deskribapena>Se considera la primera Opera de la historia, que pretendía recrear las glorias de la antigua Grecia. Esta compuesta por cinco actos. Les recomiendo escuchar la Tocata.</deskribapena>
    </Obra>
    <Obra ID="1105" kon="536" est="411">
      <titulua>El Lago de los Cisnes (Op. 20)</titulua>
      <deskribapena>Uno de los mejores ballets de todos lo tiempos, la primera escena incluye una de las melodías mas celebres del compositor, de arrebatador lirismo. tambien es muy popular su vals.</deskribapena>
    </Obra>
    <Obra ID="1106" kon="502" est="409">
      <titulua>Para piano Nº5 en Mi bemol mayor Op. 73 &apos;El Emperador&apos;</titulua>
      <deskribapena>Compuesto en 1809, representa la augusta plenitud, es uno de los mas importantes  conciertos para piano y figura entre los que mas interés despierta. El segundo movimiento &apos;Adagio, un poco moto&apos; es de una emoción muy profunda.</deskribapena>
    </Obra>
    <Obra ID="1107" kon="553" est="451">
      <titulua>Carmina Burana</titulua>
      <deskribapena>Utiliza textos profanos latinos del manuscrito del mismo nombre, se basa en canciones de juego, bebida y amor.  &apos;O fortuna&apos;, segmento con el que inicia la obra es arrollador y muy popular.</deskribapena>
    </Obra>
    <Obra ID="1108" kon="554" est="409">
      <titulua>para violín, en Mi menor, op. 64</titulua>
      <deskribapena>Fue compuesto en plena madurez compositiva, El primer movimiento (Allegro molto appassionato) es de gran carga emocional</deskribapena>
    </Obra>
    <Obra ID="1109" kon="536" est="409">
      <titulua>para Piano Nº1 en Si bemol menor Op. 23</titulua>
      <deskribapena>Famoso por su dramático primer movimiento y por el hábil uso de melodías tradicionales, se ha convertido en uno de los conciertos para piano interpretados con mayor frecuencia.</deskribapena>
    </Obra>
    <Obra ID="1110" kon="556" est="406">
      <titulua>El Barbero de Sevilla</titulua>
      <deskribapena>Opera cómica, muy popular dentro de este género, sobre todo su obertura y el aria &apos;Largo al Factotum&apos;.</deskribapena>
    </Obra>
    <Obra ID="1111" kon="557" est="455">
      <titulua>Para Piano en Si menor S.178</titulua>
      <deskribapena>Esta sonata figura entre las obras capitales de la literatura pianística. Las sencillas notas del comienzo se van transformando para dotar a la obra del material temático necesario. Esta técnica y sus armonías cromáticas influyeron en Wagner y Richard Strauss</deskribapena>
    </Obra>
    <Obra ID="1112" kon="558" est="400">
      <titulua>Nº 5, en Do sostenido menor</titulua>
      <deskribapena>Obra de grandes dimensiones (Mas de una hora), El compositor irá y volverá sobre ella continuamente hasta el año anterior a su muerte. Es como una continua pelea, como demuestra la ambigüedad trágica expresada en ella. El &apos;Adagietto&apos;  es especialmente famoso después de ser utilizado en la película &apos;La muerte en Venecia&apos;.</deskribapena>
    </Obra>
    <Obra ID="1113" kon="527" est="409">
      <titulua>En re mayor para violín y orquesta, opus 77</titulua>
      <deskribapena>Concierto que se ha transformado en obra obligada en el repertorio. El movimiento &apos;Adagio&apos; contiene en la introducción el más bello solo de oboe de la música clásica.</deskribapena>
    </Obra>
    <Obra ID="1114" kon="560" est="406">
      <titulua>La Bohème</titulua>
      <deskribapena>Opera en cuatro actos, que narra la historia de cuatro jóvenes bohemios que comparten un estudio, viven en medio de la pobreza pero gozan de gran amistad. Se destacan las Arias &apos;Una dolce speranza&apos;, &apos;Quando m´en vo&apos; y &apos;Oh mimi, tu piu non torni&apos; entre otras.</deskribapena>
    </Obra>
    <Obra ID="1115" kon="502" est="455">
      <titulua>Sonata Claro de luna (Op. 27 Nº2) para Piano</titulua>
      <deskribapena>Obra para piano de una extrema belleza. Es famoso por su primer movimiento el &apos;adagio Sostenuto&apos;.</deskribapena>
    </Obra>
    <Obra ID="1116" kon="554" est="400">
      <titulua>Nº 4 en la mayor, Italiana (1833)</titulua>
      <deskribapena>está inspirado en recuerdos de bailes populares y marchas de peregrinos de su viaje a Italia en 1831. Aquí el compositor utiliza las formas musicales clásicas con un lirismo, una elegancia y un lenguaje armónico que le sitúa entre los compositores más conservadores de su época.</deskribapena>
    </Obra>
    <Obra ID="1117" kon="501" est="461">
      <titulua>Goldberg (BWV. 988)</titulua>
      <deskribapena>Obra para clavecín, son 30 variaciones sobre una zarabanda que figura en el 2do cuaderno de Ana su segunda esposa. La riqueza de esta obra produce estupefacción. La Nº25 es llamada &apos;Perla negra en medio de Perlas blancas&apos;. Les recomiendo también el &apos;Aria&apos;, la Nº12 y la Nº16.</deskribapena>
    </Obra>
    <Obra ID="1118" kon="503" est="406">
      <titulua>Las bodas de Fígaro</titulua>
      <deskribapena>Opera con libreto escrito en italiano, fue innovadora por tener un criado como protagonista. Su obertura es muy famosa.</deskribapena>
    </Obra>
    <Obra ID="1119" kon="565" est="463">
      <titulua>Stabat Mater</titulua>
      <deskribapena>Obra para coro y orquesta, impregnada de una tristeza y desesperación arrolladora. Describe los sufrimientos de la Virgen al pie de la cruz. La música es profundamente adecuada al  tema religioso del poema. Sus segmentos mas famosos son</deskribapena>
    </Obra>
    <Obra ID="1120" kon="566" est="407">
      <titulua>Preludios en la bemol mayor para piano, opus 28</titulua>
      <deskribapena>Esta compuesta para 24 piezas, algunas son breves. La más famosa es la &apos;Nº15 Sostenuto en re bemol&apos;  llamada la &apos; Gota de lluvia&apos; por la repetición de una nota. También la &apos;Nº4 Largo-en mi menor&apos; goza de amplia popularidad.</deskribapena>
    </Obra>
    <Obra ID="1121" kon="527" est="409">
      <titulua>Concierto para piano y orquesta Nº 2 en si bemol mayor, opus 83</titulua>
      <deskribapena>Esta considerado uno de los grandes conciertos para piano de todos los tiempos.</deskribapena>
    </Obra>
    <Obra ID="1122" kon="502" est="466">
      <titulua>Cuartetos Rasumowsky Op.59</titulua>
      <deskribapena>Son 3 cuartetos que fueron dedicados al Conde de Rasumowsky consejero del Emperador de Rusia. Cada uno contiene un tema Ruso que Beethoven utilizó de canciones populares rusas.</deskribapena>
    </Obra>
    <Obra ID="1123" kon="569" est="400">
      <titulua>Nº9 &apos;del Nuevo Mundo&apos; (Op. 95)</titulua>
      <deskribapena>Obra importante dentro del repertorio sinfónico, en el se perciben reminiscencias de la música tradicional norteamericana. Los movimientos 2do y 4to son muy conocidos.</deskribapena>
    </Obra>
    <Obra ID="1124" kon="501" est="424">
      <titulua>Suites para Violonchelo Nº1 a 6, BWV. 1007-1012</titulua>
      <deskribapena>Aquí la bella voz del violonchelo, seductora y profunda, describe curvas melódicas de gran efecto, la escritura contrapuntística sede el paso a la invención melódica. Los preludios de las suites 1 y 3 son excepcionales y en general toda la obra es maravillosa.</deskribapena>
    </Obra>
    <Obra ID="1125" kon="554" est="469">
      <titulua>El Sueño de una Noche de Verano,&apos; op. 21&apos; y &apos;op. 61&apos;</titulua>
      <deskribapena>Música incidental para la comedia de Shakespeare del mismo nombre. Contiene la celebre &apos;Marcha Nupcial&apos;, que se toca en los matrimonios.</deskribapena>
    </Obra>
    <Obra ID="1126" kon="566" est="470">
      <titulua>op. 10 y op. 25</titulua>
      <deskribapena>Son dos grupos de 12 piezas para piano cada uno, fueron creadas con la intención de plantearse nuevos problemas técnicos; sin embargo, la inspiración que los acompaña trasciende de unos meros ejercicíos, para convertirlos en piezas musicales que nos admiran y deleitan. Las más Famosas son</deskribapena>
    </Obra>
    <Obra ID="1127" kon="501" est="451">
      <titulua>Nº140 Wachet auf, ruft unsdie Stimme (Despertaos, la voz nos llama)</titulua>
      <deskribapena>Los Fragmentos mas famosos son</deskribapena>
    </Obra>
    <Obra ID="1128" kon="574" est="472">
      <titulua>Valses</titulua>
      <deskribapena>Son de inagotable fantasía, gran sentido melódico y elegancia, son poemas sonoros llenos de vida y frescos colores. Los más famosos son</deskribapena>
    </Obra>
    <Obra ID="1129" kon="557" est="473">
      <titulua>19 Rapsodias Húngaras</titulua>
      <deskribapena>En ellas se aprecia el sentimiento nacionalista unido al romanticismo del siglo. La Nº2, Nº6 y Nº15 (Marcha Rakoczy) son muy famosas. Las versiones orquestales son muy conocidas.</deskribapena>
    </Obra>
    <Obra ID="1130" kon="527" est="400">
      <titulua>Nº4 en mi menor, opus 98</titulua>
      <deskribapena>Obra sublime, es la más severa e intensa de sus cuatro sinfonías. Posee una dualidad entre el mundo preclásico y el ensueño melancólico del romanticismo. El cuarto movimiento (Allegro enérgico e passionato).  Esta considerado como uno de los mas grandiosos de la literatura musical.</deskribapena>
    </Obra>
    <Obra ID="1131" kon="577" est="475">
      <titulua>Sz. 16</titulua>
      <deskribapena>Otra de las grandes obras del siglo XX. Obra de una gran fuerza y energía, con entornos melódicos inusuales, propios de la música de los Balcanes y de Hungría. La &apos;Elegía&apos; y el &apos;Intermezzo interrumpido&apos; son agradables. Puede sonar disonante.</deskribapena>
    </Obra>
    <Obra ID="1132" kon="578" est="476">
      <titulua>Iberia</titulua>
      <deskribapena>La obra española más ambiciosa del repertorio pianístico, consta de cuatro cuadernos, cada uno de ellos integrado por tres piezas. Les recomiendo &apos;El Albaicín, libro III&apos;, &apos;El puerto, libro 1&apos; y &apos;Triana, libro II&apos;. Se encuentra también en versiones de guitarra, como gran parte de su música.</deskribapena>
    </Obra>
    <Obra ID="1133" kon="512" est="477">
      <titulua>en do mayor  (Wandererfantasie), Op.15 D 760</titulua>
      <deskribapena>Una de las obras más bellas de Schubert, inspirada en el Lied «Der Wanderer (El caminante)» &apos;El dramático caminante, que pasa por la tierra sin hogar, sin esposa amante con quien compartir la vida, sin humanos afectos&apos;, Está dividida en 4 movimentos, de los cuales el Nº1(allegro con fuoco ma non troppo) y Nº2(Adagio) son grandes lamentos.</deskribapena>
    </Obra>
    <Obra ID="1134" kon="502" est="455">
      <titulua>Nº 9 en la menor para violín y piano,op. 47 (A Kreutzer)</titulua>
      <deskribapena>Una de las más hermosas sonatas de todos los tiempos. El 1er movimiento (Adagio sostenuto) es muy apasionado.</deskribapena>
    </Obra>
    <Obra ID="1135" kon="581" est="479">
      <titulua>op. 35</titulua>
      <deskribapena>Basada en la historia de &apos;Las mil y una noches&apos;. Es una obra representativa que muestra su interés por la cultura árabe, muy popular en la Rusia de su época. Se valora mucho la frescura y la brillantez de su orquestación.</deskribapena>
    </Obra>
    <Obra ID="1136" kon="582" est="424">
      <titulua>1 y 2 de &apos;Peer Gynt&apos;</titulua>
      <deskribapena>Es la música incidental para un drama de Ibsen del mismo nombre, está formada por 2 suites, de las cuales los segmentos &apos;La mañana&apos; y &apos;En el palacio del rey de la montaña&apos; son muy populares.</deskribapena>
    </Obra>
    <Obra ID="1137" kon="583" est="406">
      <titulua>Norma</titulua>
      <deskribapena>Opera en 4 actos, contiene algunos de los más bellos pasajes liricos de la historia. Wagner dijo de ella &apos;en ella se une una realidad intensa, las mas rica profundidad melódica y la pasión más lograda. La arias más famosas son  &apos;Casta Diva&apos;, &apos;meco all’altar di Venere&apos;y  &apos;va crudele&apos; del primer acto, &apos;oh rimembranza&apos; del segundo acto, &apos;Pei figli soui&apos; y &apos;Mira, o Norma&apos; del tercer acto, &apos;In mia man al fin tu sei&apos; del cuarto acto.</deskribapena>
    </Obra>
    <Obra ID="1138" kon="584" est="400">
      <titulua>Nº 8 en Do menor &apos;Apocalíptica&apos;</titulua>
      <deskribapena>es sin duda la mas monumental de las que escribió Bruckner hasta el punto de que se le ha considerado a veces como la culminación del arte sinfónico del siglo XIX. El tercer mov. &apos;Adagio&apos; se distingue por su fervor religioso, casi litúrgico que campea en toda su extensión.</deskribapena>
    </Obra>
    <Obra ID="1139" kon="585" est="423">
      <titulua>Till  Eulenspiegel para gran orquesta, op. 28</titulua>
      <deskribapena>Poema Sinfónico en forma de rondó, basado en el viejo cuento picaresco del mismo nombre, en el describe o dibuja de una manera tan exacta a un bribón con algo de simpático y un mucho de agitador, siempre metido en líos, perseguido por el orden imperante, juzgado, condenado ya justiciado. Aunque pertenece al siglo XIX abre el futuro a la orquesta contemporánea</deskribapena>
    </Obra>
    <Obra ID="1140" kon="554" est="484">
      <titulua>Romanzas sin palabras para piano</titulua>
      <deskribapena>Contiene 8 ciclos de canciones las cuales contiene 6 obras cada una. Sus melodías se caracterizan  por el frescor, la ingenuidad, la gracia, la ternura, algunas poseen un arrebatador romanticismo, otras son misteriosas y atormentadas. Las más famosas son &apos;Canción de primavera op. 62 Nº6&apos;, &apos;Marcha fúnebre op. 62 Nº3&apos;, &apos;La Caza op. 19 Nº3&apos;, &apos;La Hilanderaop.67 Nº4&apos;.</deskribapena>
    </Obra>
    <Obra ID="1141" kon="503" est="485">
      <titulua>en la mayor para clarinete e instrumentos de cuerda, K. 581 &apos;Stadler&apos;</titulua>
      <deskribapena>Mozart dedicó este concierto al destacado clarinetista y gran amigo &apos;Stadler&apos;. Este quinteto representa una verdadera joya entre las composiciones de música de cámara</deskribapena>
    </Obra>
    <Obra ID="1142" kon="536" est="469">
      <titulua>1812</titulua>
      <deskribapena>Es un poema sinfónico que describe la retirada de las tropas de Napoleón desde Moscú. El final es apoteósico con sonidos de campanas y cañones representando la celebración del pueblo ruso por el acontecimiento.</deskribapena>
    </Obra>
    <Obra ID="1143" kon="513" est="411">
      <titulua>Pájaro de Fuego</titulua>
      <deskribapena>Nunca antes de su estreno se habían oído ritmos tan extraños y complejos y disonancias tan agresivas, con ella el autor creó nuevas sonoridades. La &apos;Danza infernal del rey Kaschei&apos; y la &apos;Canción de cuna&apos; son especialmente interesantes.</deskribapena>
    </Obra>
    <Obra ID="1144" kon="590" est="409">
      <titulua>para Piano y orquesta en La menor Op. 54.</titulua>
      <deskribapena>Es la primera de la grandes producciones del compositor. El primer Movimiento &apos;Allegro affettuoso&apos; es profundamente expresivo.</deskribapena>
    </Obra>
    <Obra ID="1145" kon="560" est="406">
      <titulua>Madame Butterfly</titulua>
      <deskribapena>Opera en 3 actos, la obra se desarrolla en Nagasaki durante el año 1900, y en ella Puccini aborda varios temas japoneses. Las arias más famosas son</deskribapena>
    </Obra>
    <Obra ID="1146" kon="592" est="400">
      <titulua>Nº2 en re menor, Op. 43</titulua>
      <deskribapena>Es la más conocida e interpretada de las siete sinfonías que compuso. Es abiertamente &apos;romántica&apos;, sin embargo, desde el primer movimiento, especialmente original, es una obra bastante diferente la que escuchamos, en la que es interesante señalar la brevedad de los temas que construyen poco a poco conjuntos más vastos. La obra termina en un clímax de apasionada exaltación con su cuarto movimiento</deskribapena>
    </Obra>
    <Obra ID="1147" kon="593" est="491">
      <titulua>No. 2 en Do menor (Op. 18)</titulua>
      <deskribapena>Es uno de los conciertos más famosos para piano. El segundo movimiento es un canto al romanticismo, el triunfo del amor.</deskribapena>
    </Obra>
    <Obra ID="1148" kon="585" est="406">
      <titulua>Elektra</titulua>
      <deskribapena>Opera en un solo acto, es uno de los dramas musicales modernos más importantes. La tendencia sinfónica orquestal que empleó en su Opera &apos;Salome&apos; es llevada en Elektra hasta las últimas consecuencias. Destacan los números siguientes</deskribapena>
    </Obra>
    <Obra ID="1149" kon="536" est="411">
      <titulua>El Cascanueces Op. 71</titulua>
      <deskribapena>Uno de los mas amados y conocidos ballets. Contiene una música muy jovial y contagiosa. Los fragmentos &apos;El vals de las Flores&apos;, &apos;Danza China&apos; y &apos;Danza Rusa&apos;, son especialmente atractivos.</deskribapena>
    </Obra>
    <Obra ID="1150" kon="596" est="424">
      <titulua>Suite para orquesta Pinos de Roma</titulua>
      <deskribapena>Composición notable por sus sorprendentes efectos orquestales en donde hay impulsos rítmicos que vitalizan cada sección, melodías que surgen con espontánea facilidad, sonoridades tímbricas de valor intrínseco. El segmento &apos;Los pinos de la Villa Borghese&apos; es muy agradable.</deskribapena>
    </Obra>
    <Obra ID="1151" kon="560" est="406">
      <titulua>Tosca</titulua>
      <deskribapena>Opera en tres actos, basado en el drama “La Tosca” de Victorien Sardou. La historia se desarrolla en Roma en junio de 1800. Es una de las más representativas del estilo verista, posee una gran intensidad dramática. También contiene algunas de las arias más bellas del repertorio como son</deskribapena>
    </Obra>
    <Obra ID="1152" kon="598" est="411">
      <titulua>Romeo y Julieta</titulua>
      <deskribapena>Es un auténtico prodigio de música escrita para ballet del siglo XX. La exaltación del amor, de la comprensión y de la paz que traduce la música de Prokófiev elevará la discutida composición a la categoría de obra universal y al nivel que reclamaba la historia de William Shakespeare. Es muy popular en las salas de concierto.</deskribapena>
    </Obra>
    <Obra ID="1153" kon="599" est="400">
      <titulua>Nº104 Londres</titulua>
      <deskribapena>Sinfonía para la audiencia cosmopolita y sofisticada de Londres y representan la culminación de su prolífica carrera con la familia Estherházy. El movimiento &apos;Allegro spirituoso&apos; es impactante.</deskribapena>
    </Obra>
    <Obra ID="1154" kon="600" est="466">
      <titulua>Para el Fin de los Tiempos</titulua>
      <deskribapena>Escrito para violín, clarinete, violonchelo y piano. Se trata de una de las paginas mas inesperadamente densas y cargadas de belleza de la música de cámara contemporánea. La tercera pieza llamada &apos;Abismo de los pájaros&apos; está escrita para un solo de clarinete. Obra que acerca al espectador al concepto de la eternidad en el espacio infinito.</deskribapena>
    </Obra>
  </Obrak>
</KlasikaHoberenak>