<?xml version="1.0" encoding="UTF-8" standalone="no"?>
<bookstore>
  <book category="COOKING" isbn="A45">
    <title lang="en">Everyday Italian</title>
    <author>Giada De Laurentiis</author>
    <year>2005</year>
    <price>30.00</price>
    <available-in>
       <shop>London</shop>
       <shop>Manchester</shop>
       <internet>http://www.thebookstore.com</internet>
    </available-in>
  </book>
  <book category="CHILDREN" isbn="K44">
    <title lang="en">Harry Potter</title>
    <author>J K. Rowling</author>
    <year>2005</year>
    <price>29.99</price>
    <available-in>      
       <internet>http://www.thebookstore.com</internet>
    </available-in>
  </book>
  <book category="WEB" isbn="X22">
    <title lang="en">Learning XML</title>
    <author>Erik T. Ray</author>
    <year>2003</year>
    <price>39.95</price>
    <available-in>
       <shop>London</shop> 
    </available-in>
  </book>
  <book category="WEB" isbn="Z46">
    <title lang="en">XQuery</title>
    <author>Priscilla Walmsley</author>
    <year>2009</year>
    <price>49.95</price>
    <available-in>
       <shop>London</shop>
       <shop>Manchester</shop>
       <internet>http://www.thebookstore.com</internet>
    </available-in>
  </book>
  <book category="WEB" isbn="W33">
    <title lang="en">XQuery Examples</title>
    <author>Chris Wallace</author>
    <author>Dan McCreary</author>
    <year>2009</year>
    <price>29.95</price>
    <available-in>
       <shop>London</shop>
       <shop>Manchester</shop>
       <internet>http://www.thebookstore.com</internet>
    </available-in>
  </book>
  <book category="WEB" isbn="D98">
    <title lang="en">XRX: XForms, Rest and XQuery</title>
    <author>Dan McCreary</author>
    <year>2009</year>
    <price>29.95</price>
     <available-in>
       <shop>Liverpool</shop>       
       <shop>Manchester</shop>
       <internet>http://www.thebookstore.com</internet>
    </available-in>
  </book>

</bookstore>
